mdlrn't|||||0Vinylo0
mdlrn't|||||adderup366
mdlrn't|||||FRANCO-tirador
mdlrn't|||||Frix63
mdlrn't|||||GoldWarrior
mdlrn't|||||Kukito023
mdlrn't|||||Lmao
mdlrn't|||||Matthrix
mdlrn't|||||MightyMat
mdlrn't|||||MISTER ABRAHAM LINCAN
mdlrn't|||||Pato Zubin
mdlrn't|||||phroud
mdlrn't|||||Pyromaniac
mdlrn't|||||xd
mdlrn't|||||.
mdlrn't|||||0fahrenheit
mdlrn't|||||Ace
mdlrn't|||||AFRODOSIA-PEEK
mdlrn't|||||AntonioGabber
mdlrn't|||||APU_les
mdlrn't|||||b0tta hellcase.com
mdlrn't|||||baarreraa_
mdlrn't|||||BOT Marley 2.0
mdlrn't|||||Bot Picamaderos
mdlrn't|||||CasaNova
mdlrn't|||||CrisHomer
mdlrn't|||||daddykiing
mdlrn't|||||danniwey sk8ordie ***********
mdlrn't|||||DELASO27
mdlrn't|||||DiabloEspaÃ±ol
mdlrn't|||||Doctor Bunny
mdlrn't|||||DON PAJOTE DE LA MANCHA
mdlrn't|||||Doomiee
mdlrn't|||||DrCuelloBuitre
mdlrn't|||||eL MaTaDoR
mdlrn't|||||Elon
mdlrn't|||||Ferni
mdlrn't|||||FireVoiD
mdlrn't|||||GG
mdlrn't|||||Go Play Fornite
mdlrn't|||||hA peek3ky
mdlrn't|||||HEAVYCLOUD
mdlrn't|||||Hi im Laxus
mdlrn't|||||Hipipollo
mdlrn't|||||hotcche
mdlrn't|||||HTZ_Sanchzz_3278
mdlrn't|||||huge PeÅ¥a
mdlrn't|||||Initium sapientiae timor Domini
mdlrn't|||||Itsmassou
mdlrn't|||||Javibuxi
mdlrn't|||||JavySirius
mdlrn't|||||JODI MEJILLONES
mdlrn't|||||Kamaboko Gonpachiro
mdlrn't|||||Krujo â˜ 
mdlrn't|||||Kyzuko  à¶
mdlrn't|||||Loiike
mdlrn't|||||M3str3
mdlrn't|||||MacaqO
mdlrn't|||||Mamadou Abdul Rasim
mdlrn't|||||Mazzius
mdlrn't|||||Mcgaime
mdlrn't|||||Mohican Sun 2
mdlrn't|||||MoRiLlaS the GOD
mdlrn't|||||Moto Truco
mdlrn't|||||Naikos_Maximus [ESP]
mdlrn't|||||Nazario
mdlrn't|||||Noname
mdlrn't|||||NuKeX
mdlrn't|||||o.broke.o
mdlrn't|||||Orange
mdlrn't|||||Ori The Boi
mdlrn't|||||Pablis Enemy
mdlrn't|||||PC Center 06
mdlrn't|||||pepedealcoi
mdlrn't|||||RaheRaboLoko
mdlrn't|||||raviolif18hornet
mdlrn't|||||Reckah!
mdlrn't|||||RGEzz16v
mdlrn't|||||Robert Lewandowski
mdlrn't|||||Ronaldinho Gaucho
mdlrn't|||||RoscoPT
mdlrn't|||||s
mdlrn't|||||skin changer ruined my life
mdlrn't|||||souL
mdlrn't|||||sprayer
mdlrn't|||||Spy01
mdlrn't|||||Sr.Gaaleraa
mdlrn't|||||Takeitisi_
mdlrn't|||||Tigremust
mdlrn't|||||TigretooN
mdlrn't|||||Tony
mdlrn't|||||Trol3rc1o
mdlrn't|||||UNIKO
mdlrn't|||||V1tu
mdlrn't|||||VladÃ­mirPetrovsky
mdlrn't|||||WÃ¸lf
mdlrn't|||||ZaloSsitoo
mdlrn't|||||Zdenko KovaÄ
mdlrn't||||||| Shippuden6k ||
mdlrn't|||||Ğ¡Ğ°Ğ½Ñ Ğ£ÑĞ¸Ğº
mdlrn't|||||Ñ•oÏ…â„“Ñ•Ñ•× goâˆ‚
mdlrn't|||||á¿¬Ã¸dĞ·ÑÃ¶È™ÏƒM
mdlrn't|||||â™¤â€¢XXVIIIâ€¢â™¤@pvpro.com
mdlrn't|||||âœª Zumo de KIWI âœª
mdlrn't|||||ğ™™ğ™§ğ™¨
Ori The Boi|||||oi oi oi
Ori The Boi|||||76561198334833226
Ori The Boi|||||bot
Ori The Boi|||||Cogburn
Ori The Boi|||||darb!!
Ori The Boi|||||Enter
Ori The Boi|||||FLYX1Y - www.ninjastobe.com
Ori The Boi|||||HouseWife
Ori The Boi|||||I love bts â¤
Ori The Boi|||||mdlrn't
Ori The Boi|||||namirai
Ori The Boi|||||Playboi Carti
Ori The Boi|||||poosp
Ori The Boi|||||R I P â—¢ â—¤
Ori The Boi|||||sandyhook sidearm
Ori The Boi|||||skin changer ruined my life
Ori The Boi|||||SwApS
Ori The Boi|||||T H I E F
Ori The Boi|||||why_n0t
Ori The Boi|||||XD
Ori The Boi|||||Â«âœª_.:KilLo0_We3D:._âœªÂ»
Ori The Boi|||||Ğ³ÑƒÑÑŒ Ñ‚Ñ‹ Ğ½Ğ°Ğ³Ğ½Ğ¸ÑÑŒ
Ori The Boi|||||â™›Kellyâ™›Twitchâ™›YouTubeâ™›
Ori The Boi|||||âš”ï¼³ï½’.ï¼°ï½…ï½’ï½…ï½šâš”
Ori The Boi|||||ç›²äººdota
