Ubisoft||||Assassin's Creed Odyssey||||Rainbow Six Siege||||Far Cry 5||||Watch Dogs 2||||The Division 2
Electronic Arts||||Apex Legends||||FIFA 21||||Star Wars Jedi: Fallen Order||||The Sims 4||||Battlefield V
Valve||||Counter-Strike: Global Offensive||||Dota 2||||Half-Life: Alyx||||Portal 2||||Left 4 Dead 2
Rockstar Games||||Grand Theft Auto V||||Red Dead Redemption 2||||Bully: Scholarship Edition||||Max Payne 3||||L.A. Noire
Activision||||Call of Duty: Warzone||||Crash Bandicoot N. Sane Trilogy||||Sekiro: Shadows Die Twice||||Tony Hawk's Pro Skater 1 + 2||||Spyro Reignited Trilogy
Square Enix||||Final Fantasy XV||||Tomb Raider||||Just Cause 4||||Life is Strange 2||||Deus Ex: Mankind Divided
Bethesda Softworks||||Fallout 4||||The Elder Scrolls V: Skyrim||||Doom Eternal||||Wolfenstein II: The New Colossus||||Prey
Capcom||||Resident Evil 2||||Monster Hunter: World||||Devil May Cry 5||||Street Fighter V||||Mega Man 11
Bandai Namco Entertainment||||Dark Souls III||||Dragon Ball FighterZ||||Tekken 7||||Ni no Kuni II: Revenant Kingdom||||Tales of Berseria
CD Projekt Red||||The Witcher 3: Wild Hunt||||Cyberpunk 2077||||Gwent: The Witcher Card Game||||Thronebreaker: The Witcher Tales||||The Witcher Adventure Game
2K Games||||Borderlands 3||||XCOM 2||||NBA 2K21||||Mafia III||||Civilization VI
Sega||||Total War: Three Kingdoms||||Sonic Mania||||Yakuza 0||||Football Manager 2021||||Alien: Isolation
Konami||||Metal Gear Solid V: The Phantom Pain||||eFootball PES 2021||||Super Bomberman R||||Castlevania: Lords of Shadow 2||||Zone of the Enders: The 2nd Runner
Focus Home Interactive||||A Plague Tale: Innocence||||Vampyr||||GreedFall||||SnowRunner||||The Surge 2
Paradox Interactive||||Cities: Skylines||||Stellaris||||Crusader Kings III||||Europa Universalis IV||||Hearts of Iron IV
Devolver Digital||||Hotline Miami 2: Wrong Number||||Enter the Gungeon||||Katana ZERO||||Carrion||||Ape Out
Techland||||Dying Light||||Call of Juarez: Gunslinger||||Dead Island Definitive Edition||||Hellraid||||Pure Farming 2018
THQ Nordic||||Biomutant||||Darksiders III||||Wreckfest||||Desperados III||||SpellForce 3
505 Games||||Control||||Death Stranding||||Ghostrunner||||Bloodstained: Ritual of the Night||||Assetto Corsa
Koei Tecmo||||Nioh 2||||Atelier Ryza: Ever Darkness & the Secret Hideout||||Dynasty Warriors 9||||Attack on Titan 2||||Dead or Alive 6
Warner Bros. Interactive Entertainment||||Middle-earth: Shadow of War||||Batman: Arkham Knight||||Injustice 2||||LEGO Marvel Super Heroes 2||||Mad Max
Focus Home Interactive||||A Plague Tale: Innocence||||Vampyr||||GreedFall||||SnowRunner||||The Surge 2
Private Division||||The Outer Worlds||||Kerbal Space Program||||Disintegration||||Ancestors: The Humankind Odyssey||||OlliOlli World
Deep Silver||||Metro Exodus||||Saints Row IV||||Dead Island Riptide||||Risen 3: Titan Lords||||Sacred 3
Codemasters||||Dirt 5||||F1 2020||||GRID||||Onrush||||Dirt Rally 2.0
Square Enix||||Final Fantasy XIV Online||||Kingdom Hearts III||||Octopath Traveler||||Dragon Quest XI||||Outriders
Nexon||||MapleStory 2||||V4||||Mabinogi||||KurtzPel||||Hyper Universe
Gameloft||||Asphalt 9: Legends||||Modern Combat 5: eSports FPS||||Dungeon Hunter 5||||Order & Chaos 2: Redemption||||Gangstar Vegas
GungHo Online Entertainment||||Let It Die||||Grandia II Anniversary Edition||||Ragnarok Online 2||||Ninjala||||Puzzle & Dragons
Fatshark||||Warhammer: Vermintide 2||||Warhammer: End Times - Vermintide||||Krater||||Lead and Gold: Gangs of the Wild West||||Hamilton's Great Adventure
Hello Games||||No Man's Sky||||The Last Campfire||||Joe Danger 2: The Movie||||Joe Danger||||Joe Danger 2: The Movie
Re-Logic||||Terraria||||Pixel Piracy||||Pixel Privateers||||Pixel Piracy||||Pixel Piracy
Klei Entertainment||||Don't Starve Together||||Oxygen Not Included||||Invisible, Inc.||||Mark of the Ninja||||Hot Lava
Coffee Stain Studios||||Satisfactory||||Deep Rock Galactic||||Sanctum 2||||Goat Simulator||||A Story About My Uncle
Fatshark||||Warhammer: Vermintide 2||||Warhammer: End Times - Vermintide||||Krater||||Lead and Gold: Gangs of the Wild West||||Hamilton's Great Adventure
Hello Games||||No Man's Sky||||The Last Campfire||||Joe Danger 2: The Movie||||Joe Danger||||Joe Danger 2: The Movie
Re-Logic||||Terraria||||Pixel Piracy||||Pixel Privateers||||Pixel Piracy||||Pixel Piracy
Klei Entertainment||||Don't Starve Together||||Oxygen Not Included||||Invisible, Inc.||||Mark of the Ninja||||Hot Lava
Coffee Stain Studios||||Satisfactory||||Deep Rock Galactic||||Sanctum 2||||Goat Simulator||||A Story About My Uncle